PatmAv,TairAv,wetTemperature,RHAv,WD,WS (knots),visibility,Cloudiness,dewPoint,WS (Beaufort),TairMax,TairMin,WSmax,Rain,Location,RainDur60,TempFuelAv,RHFuelAv,TsoilAv,BatteryVolt,WS(m per s),SolRadAv,IRRadAv,TempFuelMax,RHFuelMax,TsoilMax,RHMax,PatmMax,TempFuelMin,RHFuelMin,TsoilMin,RHMin,PatmMin
,8.774545454545455,,,123.70322580645161,9.238709677419354,,,3.332075471698113,,,,18.125827814569536,141.6,Mitilini,,,,,,,,,,,,,,,,,,
1012.0566037735849,9.575909703504044,,71.33574123989219,118.62504312668464,10.40937529203938,,,,,18.17,-4.171,20.46,174.9,Sigri,1310.0,9.755664420485175,17.177493261455528,8.031133423180593,12.954622641509435,5.355057665260197,85.8726603773585,306.1487870619946,22.45,45.04,12.83,91.9,1034.0,-4.778,7.25,0.0,27.9,989.0
,9.785,,,110.28358208955224,8.681818181818182,,,2.0214285714285714,,,,19.446153846153845,53.599999999999994,Mitilini,,,,,,,,,,,,,,,,,,
1008.8482142857143,9.182078869047618,,68.46467261904762,110.91979464285714,11.016367363435583,,,,,18.65,-3.244,21.83,158.6,Sigri,1286.0,9.513799107142857,16.396964285714287,8.06203869047619,12.994375,5.6673220858895705,107.5264375,308.20252976190477,22.88,44.26,12.72,92.4,1027.0,-3.433,7.15,0.0,27.03,986.0
,12.411764705882353,,,147.86335403726707,5.509316770186335,,,3.5517857142857143,,,,13.26086956521739,81.4,Mitilini,,,,,,,,,,,,,,,,,,
1012.4596774193549,10.93805376344086,,72.16966397849463,96.28327822580646,8.82996107150838,,,,,18.93,2.819,17.55,93.7,Sigri,1652.0,11.47213440860215,17.67858870967742,9.875465053763442,12.995712365591396,4.5425349162011175,142.5045954301075,319.11182795698926,23.41,45.04,14.17,92.9,1027.0,1.802,7.19,6.237,33.5,997.0
,16.02127659574468,,,150.86740331491714,7.596685082872928,,,4.521875,,,,15.475138121546962,27.6,Mitilini,,,,,,,,,,,,,,,,,,
1011.6300417246175,13.824813630041724,,62.74386648122392,121.03347148817804,9.123514969571639,,,,,23.37,6.243,17.43,26.200000000000003,Sigri,262.0,15.057741307371348,10.666810848400557,13.046898470097357,13.079735744089012,4.693552437223043,258.3912211404729,304.50055632823364,28.97,41.02,19.15,91.6,1023.0,4.659,5.26,7.55,27.25,997.0
,22.065217391304348,,,148.63636363636363,5.508021390374331,,,13.15,,,,12.786096256684491,12.200000000000001,Mitilini,,,,,,,,,,,,,,,,,,
1007.8978494623656,19.981747311827956,,63.49732526881721,121.95167204301075,8.380112060368795,,,,,28.89,13.12,15.42,2.6,Sigri,52.0,21.840860215053763,7.819334677419355,20.473494623655913,13.005268817204302,4.3111120567375885,313.07749327956986,338.6340053763441,36.59,35.57,26.09,91.2,1016.0,11.94,4.205,14.86,30.39,994.0
,24.96153846153846,,,235.82872928176795,6.0220994475138125,,,15.117647058823529,,,,13.370165745856353,3.5,Mitilini,,,,,,,,,,,,,,,,,,
1007.9180555555556,21.878833333333333,,67.7611111111111,72.48383611111112,8.687940418409092,,,,,29.8,15.69,15.93,28.3,Sigri,250.0,23.775916666666667,9.537880555555557,23.360055555555558,12.993777777777778,4.469473011363636,316.88022222222224,358.9866666666667,39.33,45.26,31.49,94.7,1013.0,15.45,3.63,17.9,30.1,989.0
,27.75,,,219.35087719298247,5.883040935672515,,,17.515151515151516,,,,12.871345029239766,,Mitilini,,,,,,,,,,,,,,,,,,
1006.6034946236559,24.978306451612905,,61.58391129032258,53.493576612903226,9.021493545631069,,,,,35.67,18.7,13.49,0.2,Sigri,2.0,26.913709677419355,6.622715053763441,25.47658602150538,12.98090053763441,4.6410679611650485,340.90956048387096,363.82580645161295,40.78,12.48,31.33,88.0,1016.0,17.98,3.253,20.87,26.19,1000.0
,28.4,,,187.3028846153846,4.5048076923076925,,,19.13095238095238,,,,11.342995169082126,7.2,Mitilini,,,,,,,,,,,,,,,,,,
1007.0658602150538,26.021948924731184,,63.403440860215056,60.441905913978495,8.717374561555555,,,,,33.3,20.04,14.08,0.2,Sigri,4.0,27.85689516129032,6.542555107526882,27.530067204301073,12.963440860215053,4.4846152777777775,294.3055994623656,378.5180107526882,39.29,10.8,32.35,90.4,1015.0,18.67,3.28,23.61,24.49,1002.0
,25.471698113207548,,,138.84924623115577,3.6231155778894473,,,17.710526315789473,,,,9.899497487437186,4.4,Mitilini,,,,,,,,,,,,,,,,,,
1008.3305555555555,23.49063888888889,,68.9492361111111,100.162725,8.128632164712812,,,,,34.69,15.21,13.87,19.0,Sigri,152.0,24.900444444444442,9.2276375,25.445569444444445,12.955194444444444,4.1817393225331365,227.78220416666667,372.4733333333333,41.27,44.61,31.98,94.4,1018.0,15.82,2.436,19.48,24.8,1001.0
,19.862068965517242,,,158.03333333333333,5.444444444444445,,,13.707317073170731,,,,12.383333333333333,100.4,Mitilini,,,,,,,,,,,,,,,,,,
1011.4420190995908,18.025784447476124,,74.04233287858118,66.7379167803547,8.524339473929077,,,,,25.39,11.41,17.86,67.0,Sigri,698.0,18.84263301500682,13.379834924965893,19.47568894952251,12.943710777626194,4.385309219858156,154.3345102319236,343.9774897680764,30.1,45.04,24.43,94.4,1024.0,11.03,5.626,13.94,42.65,995.0
,17.161290322580644,,,143.07236842105263,6.1381578947368425,,,9.720588235294118,,,,13.298013245033113,48.8,Mitilini,,,,,,,,,,,,,,,,,,
1013.5694444444445,15.896388888888888,,71.95658333333333,118.07390972222221,8.907241833333334,,,,,21.31,8.93,18.02,35.7,Sigri,596.0,16.344958333333334,11.699572222222221,15.839152777777779,13.002027777777776,4.582291666666667,124.4473111111111,318.90083333333337,27.97,44.96,18.77,91.8,1026.0,8.31,6.377,12.55,36.78,994.0
,9.5875,,,127.63694267515923,4.694267515923567,,,4.285106382978723,,,,10.9171974522293,,Mitilini,,,,,,,,,,,,,,,,,,
1022.3951612903226,10.418126344086021,,70.06192204301075,51.32528091397849,8.395621672727273,,,,,17.79,-2.005,14.34,0.0,Sigri,0.0,10.697520161290322,10.960752688172043,11.253969086021504,12.973776881720429,4.319090909090909,94.14299462365592,292.34825268817207,22.31,16.71,15.54,87.7,1031.0,-2.108,6.669,6.001,39.35,1015.0
,7.493023255813953,,,144.23125,8.55625,,,2.2672413793103448,,,,16.35483870967742,91.1,Mitilini,,,,,,,,,,,,,,,,,,
1012.4287634408602,9.467413978494625,,70.01090053763441,132.71847849462364,10.264914592391305,,,,,18.22,-2.131,20.33,48.8,Sigri,782.0,9.785071236559139,16.186370967741937,9.384833333333333,12.910806451612903,5.280740489130435,85.17157661290322,304.2608870967742,22.02,44.95,14.36,94.6,1028.0,-2.549,7.25,3.941,34.55,985.0
,13.975609756097562,,,145.94444444444446,8.256944444444445,,,5.256410256410256,,,,17.243055555555557,61.7,Mitilini,,,,,,,,,,,,,,,,,,
1012.8347701149426,13.659142241379312,,70.44442528735632,142.6601853448276,10.02007135518797,,,,,23.0,2.132,20.05,26.699999999999996,Sigri,356.0,14.248737068965516,12.97178448275862,11.875872126436782,12.96742816091954,5.154781954887218,129.6135632183908,322.4349137931035,27.77,44.42,15.78,93.8,1025.0,1.113,5.63,5.721,33.5,999.0
,15.18,,,126.54375,7.34375,,,4.53921568627451,,,,16.742138364779873,88.6,Mitilini,,,,,,,,,,,,,,,,,,
1007.7540322580645,12.935353494623657,,67.72298387096774,134.34838440860216,9.89111052844138,,,,,21.64,4.728,19.79,63.300000000000004,Sigri,708.0,13.63563440860215,14.20251747311828,12.393118279569892,13.018172043010754,5.088438620689655,177.973436827957,314.68682795698925,27.02,45.19,16.62,92.3,1023.0,2.748,5.967,8.17,29.14,991.0
,18.352941176470587,,,142.5406976744186,5.232558139534884,,,8.959999999999999,,,,12.970930232558139,0.7,Mitilini,,,,,,,,,,,,,,,,,,
1008.0083449235049,17.386675938803894,,62.00157162726008,141.58246870653684,8.14149241838806,,,,,27.94,9.34,16.86,29.400000000000002,Sigri,34.0,18.795354659248957,8.447589707927678,17.167635605006954,13.044172461752435,4.188355223880597,275.8148539638387,321.51682892906814,33.76,43.87,22.28,92.5,1021.0,8.49,3.599,12.87,21.52,994.0
,21.142857142857142,,,197.44623655913978,6.010752688172043,,,11.18918918918919,,,,13.865591397849462,38.3,Mitilini,,,,,,,,,,,,,,,,,,
1007.2876344086021,19.191075268817205,,63.64228494623656,135.09888172043011,8.886045441106502,,,,,27.89,11.82,15.57,24.599999999999998,Sigri,260.0,20.808104838709678,9.152228494623655,19.968844086021505,13.000994623655913,4.571387275242047,295.6484018817204,340.2459677419355,33.09,44.2,25.51,92.1,1014.0,10.99,4.228,15.32,27.3,997.0
,27.649122807017545,,,183.71428571428572,5.1726190476190474,,,16.467741935483872,,,,12.369047619047619,1.3,Mitilini,,,,,,,,,,,,,,,,,,
1006.4583333333334,24.869083333333336,,58.97266666666667,105.9861,8.596668811988472,,,,,38.16,15.57,16.81,14.4,Sigri,68.0,26.907180555555552,6.649697222222223,25.45351388888889,12.911111111111111,4.422518731988473,337.9034958333333,367.67138888888894,43.73,41.48,31.23,90.4,1014.0,14.53,2.297,20.32,24.39,996.0
,28.32758620689655,,,189.40106951871658,6.957219251336898,,,16.7125,,,,15.32620320855615,,Mitilini,,,,,,,,,,,,,,,,,,
1006.0954301075269,25.31385752688172,,61.58688172043011,47.956672043010755,9.471272043636363,,,,,33.01,19.48,14.18,0.0,Sigri,0.0,27.28244623655914,6.435795698924731,27.187809139784946,12.883252688172043,4.872454545454545,344.04870026881724,367.62325268817204,38.6,10.81,31.85,88.9,1012.0,19.24,3.498,23.85,24.66,1001.0
,28.196428571428573,,,260.8076923076923,7.329670329670329,,,19.08974358974359,,,,14.994505494505495,,Mitilini,,,,,,,,,,,,,,,,,,
1006.5349462365591,25.448548387096775,,62.9803629032258,32.6319502688172,9.6377062200542,,,,,36.12,19.11,15.65,0.0,Sigri,0.0,27.23846774193548,6.365295698924731,28.11635752688172,12.872217741935485,4.958075880758807,294.7755940860215,376.3967741935484,43.2,10.3,32.43,89.2,1014.0,18.57,2.936,24.54,28.88,1001.0
,24.30909090909091,,,235.35263157894738,7.026315789473684,,,13.96875,,,,14.278947368421052,4.9,Mitilini,,,,,,,,,,,,,,,,,,
1010.0916666666667,22.440166666666666,,61.944583333333334,81.14654027777777,8.664412823824819,,,,,33.78,14.75,15.32,0.0,Sigri,0.0,23.779555555555554,6.536816666666667,25.92848611111111,12.865347222222221,4.457369343065693,228.44139583333333,357.5440277777778,36.86,10.99,30.7,88.2,1022.0,12.87,3.517,20.75,24.45,1001.0
,19.271186440677965,,,188.72527472527472,6.241758241758242,,,10.8,,,,13.098901098901099,15.600000000000001,Mitilini,,,,,,,,,,,,,,,,,,
1013.2002688172043,17.760430107526883,,67.56393817204301,80.51637231182795,8.203547524558404,,,,,24.63,10.97,16.81,9.0,Sigri,94.0,18.67611559139785,8.996047043010753,20.445806451612903,12.880819892473118,4.220279202279202,164.2877123655914,335.1279569892473,30.85,38.57,27.03,94.9,1022.0,9.9,4.743,15.77,28.37,1002.0
,15.088888888888889,,,163.0054945054945,7.934065934065934,,,4.78,,,,15.467032967032967,15.5,Mitilini,,,,,,,,,,,,,,,,,,
1014.5944444444444,14.24645,,69.47991666666667,114.78732222222223,9.119740086511628,,,,,21.56,3.061,18.71,134.10000000000002,Sigri,984.0,14.652905555555556,13.603258333333333,15.465902777777778,12.836,4.691610465116279,107.01663055555557,320.6823611111111,26.0,44.94,20.93,95.6,1023.0,3.046,4.247,8.87,27.29,997.0
,8.088888888888889,,,82.87179487179488,8.897435897435898,,,1.057,,,,15.525641025641026,15.5,Mitilini,,,,,,,,,,,,,,,,,,
1019.4905913978495,7.207883064516129,,65.20172043010753,62.4823938172043,9.51820428120548,,,,,16.46,-0.227,18.58,15.8,Sigri,292.0,7.661737903225806,11.769557795698924,8.774717741935484,12.865800807537013,4.896598630136986,91.50771505376345,285.74341397849463,20.67,42.3,14.11,87.3,1034.0,-0.492,6.549,4.346,40.57,1005.0
,6.124242424242424,,,100.625,8.60625,,,1.216470588235294,,,,16.29746835443038,220.3,Mitilini,,,,,,,,,,,,,,,,,,
1013.5537634408602,6.506827956989247,,71.87041666666666,103.58043279569893,9.44552553476584,,,,,16.3,-4.532,18.28,140.0,Sigri,1838.0,6.651885752688171,20.004704301075268,6.973798387096775,12.821940700808625,4.859209366391185,89.8436129032258,293.66155913978497,20.39,44.6,11.73,98.0,1027.0,-4.139,7.22,2.737,26.59,994.0
,12.505263157894737,,,141.5472972972973,8.795918367346939,,,1.2351851851851852,,,,16.506756756756758,35.5,Mitilini,,,,,,,,,,,,,,,,,,
1016.9419642857143,10.153703869047618,,73.28568452380952,109.04365625,10.234167166251897,,,,,16.83,1.167,18.12,19.9,Sigri,296.0,10.833541666666667,13.635311011904761,9.767723214285715,12.887708333333334,5.264922610015174,131.6296830357143,302.36651785714287,21.04,44.39,14.07,95.2,1030.0,-0.263,6.878,4.272,36.54,1006.0
,13.903846153846153,,,194.80246913580248,5.938271604938271,,,5.7875,,,,12.839506172839506,50.699999999999996,Mitilini,,,,,,,,,,,,,,,,,,
1009.6370967741935,12.415610215053764,,69.96186827956988,92.77774327956989,8.779862975910987,,,,,20.5,5.402,15.88,83.0,Sigri,558.0,13.108529569892472,14.389291666666667,12.436505376344087,12.875228494623656,4.516762169680112,189.59308467741937,307.8668010752688,26.98,45.01,17.53,94.2,1019.0,3.418,5.73,8.3,31.83,995.0
,16.382978723404257,,,173.68715083798884,4.972067039106145,,,7.553488372093024,,,,11.30167597765363,12.1,Mitilini,,,,,,,,,,,,,,,,,,
1011.1168289290681,15.072169680111266,,61.40973574408901,129.0084812239221,8.019858625,,,,,25.9,6.639,15.55,13.2,Sigri,198.0,16.33720584144645,9.658709318497914,16.3869123783032,12.94222531293463,4.12578125,264.5598317107093,311.2045897079277,32.31,44.79,23.17,93.6,1020.0,5.845,3.386,11.62,15.37,1002.0
,21.35483870967742,,,166.6304347826087,5.576086956521739,,,13.128571428571428,,,,12.173913043478262,31.400000000000002,Mitilini,,,,,,,,,,,,,,,,,,
1008.141129032258,19.52505376344086,,61.9428629032258,112.87854838709677,8.771595671272728,,,,,28.61,13.01,14.88,6.2,Sigri,124.0,21.219905913978497,7.980278225806452,21.612405913978492,12.969314516129032,4.512509090909091,291.21631586021505,342.5641129032258,32.93,44.73,26.73,92.6,1017.0,11.26,4.106,17.48,30.76,997.0
,26.958333333333332,,,193.1547619047619,5.130952380952381,,,16.708333333333332,,,,10.869047619047619,0.0,Mitilini,,,,,,,,,,,,,,,,,,
1008.0083333333333,23.942652777777777,,60.05005555555556,106.0530375,7.399415584474074,,,,,34.27,16.26,11.45,0.30000000000000004,Sigri,6.0,26.048333333333332,6.620105555555555,26.189347222222224,12.917055555555557,3.806597037037037,328.5757277777778,365.4870833333334,41.87,34.45,34.97,93.2,1014.0,15.28,2.572,20.84,31.11,1004.0
,28.18,,,256.63829787234044,8.27127659574468,,,16.514285714285716,,,,15.372340425531915,16.1,Mitilini,,,,,,,,,,,,,,,,,,
1005.5954301075269,25.675443548387094,,56.772513440860216,62.663022849462365,9.353501396863825,,,,,37.14,18.29,15.73,0.0,Sigri,0.0,27.663306451612904,5.432149193548387,29.16920698924731,12.886424731182796,4.811867950481431,334.5625539083558,370.78921832884095,43.34,9.72,34.84,87.4,1012.0,18.4,2.134,24.77,14.79,997.0
,28.23404255319149,,,298.11764705882354,8.315508021390375,,,17.4625,,,,15.165775401069519,3.2,Mitilini,,,,,,,,,,,,,,,,,,
1006.6612903225806,24.91141129032258,,62.164932795698924,37.391068548387096,9.55877633937415,,,,,34.11,17.74,14.39,0.30000000000000004,Sigri,6.0,26.659327956989248,6.189817204301075,28.90938172043011,12.932298387096774,4.917470748299319,297.89820967741935,370.2876344086022,40.13,13.26,34.36,91.8,1014.0,16.85,3.363,23.96,27.36,998.0
,24.58139534883721,,,157.3846153846154,4.34319526627219,,,15.028571428571428,,,,10.76923076923077,,Mitilini,,,,,,,,,,,,,,,,,,
1008.7986111111111,22.902458333333335,,59.35551388888889,124.95960416666665,8.511714240232221,,,,,32.02,13.36,15.78,1.0,Sigri,20.0,24.419069444444442,6.322245833333333,27.062138888888892,12.921000000000001,4.378814223512337,238.13773611111114,355.6951388888889,38.45,34.88,32.56,93.7,1016.0,12.99,2.696,20.21,19.12,1001.0
,18.818181818181817,,,192.10270270270271,5.854054054054054,,,9.795,,,,12.421621621621622,33.5,Mitilini,,,,,,,,,,,,,,,,,,
1012.0618279569892,17.112513440860212,,66.99331989247311,92.84195161290322,8.330380085787235,,,,,24.6,10.47,16.71,74.9,Sigri,174.0,17.888548387096773,11.050760752688172,19.528844086021508,12.960336021505377,4.285527659574468,178.5920819892473,324.2244623655914,29.63,45.18,25.28,98.5,1022.0,8.88,4.695,14.54,25.95,994.0
,15.285714285714286,,,146.67532467532467,5.376623376623376,,,6.7318181818181815,,,,12.263157894736842,79.5,Mitilini,,,,,,,,,,,,,,,,,,
1012.4190800681431,14.510424190800682,,68.19451448040886,125.09543100511073,8.432234836624776,,,,,21.8,5.988,16.71,43.400000000000006,Sigri,438.0,14.947856899488926,13.455533219761499,15.123390119250427,12.913848797250859,4.337926391382406,130.6797069846678,319.01482112436116,26.96,45.25,18.85,96.0,1021.0,4.07,5.069,11.06,29.82,1001.0
,12.14782608695652,,,176.7483870967742,9.496774193548386,,,4.966,,,,18.89677419354839,150.8,Mitilini,,,,,,,,,,,,,,,,,,
1014.7572254335261,12.981462427745665,,67.22895953757225,142.81649132947976,10.676080816842106,,,,,20.02,3.381,16.78,0.4,Sigri,8.0,14.570398843930636,14.289075144508672,12.108086705202313,13.166381578947368,5.492263157894737,287.0246976744186,302.1289017341041,23.21,43.92,16.57,89.1,1025.0,2.168,7.48,6.114,42.38,1002.0
,10.68888888888889,,,181.98039215686273,7.699346405228758,,,3.019354838709677,,,,15.732026143790849,158.9,Mitilini,,,,,,,,,,,,,,,,,,
1017.6041666666666,10.095464435146443,,69.293375,97.38752916666667,8.759486296593886,,,,,25.15,0.0,15.42,0.0,Sigri,0.0,10.990216666666667,13.334666666666667,9.290633333333334,13.19176724137931,4.5062794759825335,212.446675,286.59708333333333,25.09,44.84,26.03,91.6,1028.0,0.0,0.0,0.0,39.02,994.0
,12.35483870967742,,,157.2112676056338,7.908450704225352,,,7.827272727272728,,,,16.753521126760564,132.10000000000002,Mitilini,,,,,,,,,,,,,,,,,,
1007.7202380952381,11.514796130952382,,75.90446428571428,119.99659672619048,8.70898486815267,,,,,17.08,5.489,17.48,172.0,Sigri,1630.0,11.741620535714285,21.168511904761903,11.352172619047618,12.98450892857143,4.480299236641222,106.37039285714285,322.849255952381,22.99,44.5,15.19,92.3,1018.0,4.36,7.78,8.93,42.0,991.0
,15.435897435897436,,,189.17283950617283,9.679012345679013,,,8.585714285714285,,,,19.228395061728396,49.7,Mitilini,,,,,,,,,,,,,,,,,,
1004.6572580645161,14.591166666666666,,71.96211021505376,168.31595967741936,10.192131452561984,,,,,20.72,3.786,19.56,75.9,Sigri,868.0,15.497118279569893,14.04409946236559,14.224959677419356,13.090887096774194,5.243297520661157,177.27278360215053,327.0397849462366,25.96,43.87,17.42,94.9,1017.0,3.409,6.438,8.25,32.89,991.0
,17.625,,,159.1757575757576,4.672727272727273,,,10.557142857142857,,,,10.412121212121212,3.6999999999999997,Mitilini,,,,,,,,,,,,,,,,,,
1009.9041666666667,17.614680555555555,,61.79070833333333,99.53735277777778,7.680394895453194,,,,,29.19,10.55,17.71,25.200000000000003,Sigri,188.0,19.012541666666667,7.768844444444444,18.578888888888887,13.09238888888889,3.951145616641902,266.99605694444443,324.93194444444447,34.68,15.13,26.13,94.0,1019.0,7.83,3.589,11.11,18.83,999.0
,22.533333333333335,,,216.25405405405405,6.059459459459459,,,14.319444444444445,,,,12.713513513513513,8.8,Mitilini,,,,,,,,,,,,,,,,,,
1006.8333333333334,21.1177688172043,,64.34576612903226,85.16457930107526,8.792023662545454,,,,,30.36,13.49,14.11,10.499999999999998,Sigri,108.0,22.79443548387097,9.222856182795699,23.368077956989247,13.054556451612903,4.523018181818182,284.48764784946235,356.5040322580645,38.45,43.72,28.89,98.5,1014.0,12.72,2.863,18.39,26.59,1000.0
,26.20408163265306,,,192.65555555555557,6.033333333333333,,,15.708333333333334,,,,13.094444444444445,46.3,Mitilini,,,,,,,,,,,,,,,,,,
1004.4958333333333,23.69983286908078,,63.663611111111116,118.81810138888888,8.730722796699858,,,,,33.77,16.33,13.02,30.1,Sigri,120.0,25.74727777777778,6.859093055555555,26.140597222222222,13.034958333333334,4.491482219061167,327.8480333333333,366.41963788300836,41.09,35.12,32.01,97.4,1013.0,16.24,1.599,21.77,22.94,996.0
,28.70212765957447,,,243.23121387283237,6.716763005780347,,,18.557142857142857,,,,13.0,,Mitilini,,,,,,,,,,,,,,,,,,
1004.4583333333334,26.09927419354839,,65.39547043010754,107.91920833333334,8.047348278957477,,,,,32.48,21.18,10.86,0.0,Sigri,0.0,28.344368279569892,5.340909946236559,28.083750000000002,13.013938172043012,4.1399231824417,333.4804892473118,380.7256720430108,40.05,9.94,32.92,91.7,1011.0,20.46,1.61,23.11,29.18,997.0
,27.46875,,,277.8228571428571,7.365714285714286,,,18.157894736842106,,,,13.737142857142857,,Mitilini,,,,,,,,,,,,,,,,,,
1005.7150537634409,25.31435483870968,,65.64100806451613,40.319688172043016,9.706226923219646,,,,,36.58,19.77,14.52,0.1,Sigri,2.0,27.205456989247313,5.318840053763441,27.920779569892474,13.025470430107529,4.9933260572987725,296.7058319892473,376.06209677419355,42.57,13.82,31.54,98.4,1011.0,19.67,0.919,24.91,20.17,1000.0
,25.11111111111111,,,245.44751381215468,6.259668508287293,,,16.15277777777778,,,,13.03867403314917,64.6,Mitilini,,,,,,,,,,,,,,,,,,
1010.0402777777778,22.45826388888889,,66.19838888888889,63.561258333333335,8.979721610285715,,,,,31.78,13.28,18.15,60.9,Sigri,572.0,23.83694444444444,6.170326388888889,25.27729166666667,13.01276388888889,4.619578571428572,225.77771388888888,360.96527777777777,37.34,40.5,30.86,93.9,1020.0,13.72,2.573,18.93,32.59,1003.0
,20.0,,,195.45901639344262,5.333333333333333,,,11.963414634146341,,,,11.59016393442623,8.6,Mitilini,,,,,,,,,,,,,,,,,,
1013.0846774193549,17.931008064516128,,74.05283602150537,78.37245564516128,9.22402209207133,,,,,25.16,9.76,15.93,21.6,Sigri,334.0,18.895497311827956,9.554409946236559,18.764301075268815,13.039086021505376,4.7452578875171465,163.83756317204302,339.29959677419356,31.11,39.77,23.41,98.3,1023.0,7.16,4.068,14.1,35.1,998.0
,16.037037037037038,,,155.09271523178808,6.80794701986755,,,9.854545454545455,,,,14.364238410596027,145.6,Mitilini,,,,,,,,,,,,,,,,,,
1013.4819444444445,14.2187,,74.38997222222223,66.18965555555556,9.147149486222222,,,,,23.06,3.303,17.25,124.7,Sigri,1162.0,14.604179166666666,12.934770833333333,14.960402777777777,12.95813888888889,4.705711111111111,98.52042361111111,327.40875,27.61,40.89,20.04,97.8,1022.0,3.162,4.642,7.75,46.55,999.0
,9.41578947368421,,,152.70886075949366,6.146496815286624,,,3.0576923076923075,,,,13.841772151898734,80.9,Mitilini,,,,,,,,,,,,,,,,,,
1013.263440860215,9.143385752688172,,73.83252688172043,90.32499059139785,8.37524281009929,,,,,17.69,2.57,17.17,72.4,Sigri,928.0,9.330614247311829,14.92431182795699,9.070658602150537,12.936626344086022,4.3086070921985815,68.4893064516129,310.2752688172043,20.62,38.46,12.4,93.6,1025.0,1.772,6.141,5.655,33.77,996.0
,9.290196078431373,,,164.35256410256412,9.58974358974359,,,3.0366666666666666,,,,19.294871794871796,319.70000000000005,Mitilini,,,,,,,,,,,,,,,,,,
1005.0819892473119,9.343475806451613,,73.84693548387096,134.37890456989248,10.73784601009498,,,,,15.81,-0.543,20.21,223.5,Sigri,2278.0,9.282560483870968,17.48166801075269,7.9045316285329745,12.890161290322581,5.524037991858887,65.73863575268817,316.8111559139785,19.98,38.01,11.13,94.4,1017.0,-0.905,6.626,3.434,36.85,988.0
,9.653846153846153,,,164.34074074074073,7.155555555555556,,,3.107142857142857,,,,15.237037037037037,120.3,Mitilini,,,,,,,,,,,,,,,,,,
1013.6681547619048,9.460438988095238,,70.57483630952382,86.81064285714285,9.411517472538227,,,,,19.99,0.534,18.94,77.79999999999998,Sigri,904.0,9.84851636904762,12.489821428571428,8.706324404761904,13.037336309523809,4.8417140672782875,124.93134375,300.92068452380954,25.02,37.96,13.17,93.0,1022.0,0.233,4.661,3.901,37.25,1002.0
,14.818181818181818,,,177.89473684210526,7.703947368421052,,,3.813953488372093,,,,15.788079470198676,60.0,Mitilini,,,,,,,,,,,,,,,,,,
1011.2204301075269,12.552935483870968,,66.68102150537635,99.3832876344086,9.87425760435374,,,,,18.94,5.654,18.38,25.6,Sigri,300.0,13.532708333333332,8.548952956989247,11.800537634408602,13.119180107526882,5.079768707482994,215.52869623655914,297.4489247311828,24.04,39.17,15.75,95.9,1021.0,4.195,3.627,7.3,32.11,1000.0
,16.595744680851062,,,161.8397435897436,5.858974358974359,,,6.8549999999999995,,,,13.128205128205128,123.7,Mitilini,,,,,,,,,,,,,,,,,,
1009.8833333333333,14.351597222222221,,68.79180555555556,126.57907638888888,8.465022000465117,,,,,22.91,6.775,16.37,86.70000000000002,Sigri,1122.0,15.39881388888889,10.905252777777777,13.94275,13.068916666666668,4.354793604651163,236.37504166666668,321.27402777777775,29.05,42.09,19.69,98.2,1022.0,5.158,2.618,9.57,30.31,994.0
,23.342105263157894,,,157.0258064516129,5.929032258064516,,,11.404000000000002,,,,12.838709677419354,3.4000000000000004,Mitilini,,,,,,,,,,,,,,,,,,
1007.2231182795699,19.420940860215055,,65.62458333333333,175.39120833333334,8.499758858893617,,,,,28.93,11.14,18.12,0.5,Sigri,10.0,21.13271505376344,5.684670698924732,19.705887096774195,13.061975806451613,4.372663829787234,274.92223924731184,345.5885752688172,35.02,12.21,27.31,98.0,1014.0,9.32,1.572,14.93,29.2,999.0
,27.595744680851062,,,249.17032967032966,7.247252747252747,,,17.954545454545453,,,,13.928571428571429,0.5,Mitilini,,,,,,,,,,,,,,,,,,
1007.7375,24.23925,,68.39031944444444,74.35427777777778,8.809348727661972,,,,,33.41,18.11,15.65,0.0,Sigri,0.0,26.268722222222223,5.001520833333333,25.730694444444442,13.022680555555555,4.531930985915492,327.95778472222224,374.4059722222222,39.25,12.24,30.9,99.3,1013.0,17.43,1.591,20.97,33.19,1001.0
,28.238095238095237,,,241.41477272727272,6.767045454545454,,,16.982142857142858,,,,13.778409090909092,10.5,Mitilini,,,,,,,,,,,,,,,,,,
1005.2016129032259,24.763951612903227,,61.90948924731183,69.62293951612902,8.519600073964336,,,,,32.91,17.38,16.29,20.5,Sigri,66.0,26.642930107526883,4.811349462365592,26.01877688172043,13.002956989247313,4.382871056241426,332.58166263440864,368.4030913978495,41.24,39.71,32.16,98.9,1013.0,17.19,0.637,21.12,26.93,996.0
,28.074074074074073,,,279.1375661375661,7.6878306878306875,,,17.097826086956523,,,,14.867724867724867,,Mitilini,,,,,,,,,,,,,,,,,,
1006.760752688172,25.55305107526882,,60.56458333333334,32.412163978494625,9.750961711739132,,,,,35.62,18.97,13.08,0.2,Sigri,4.0,27.337567204301077,3.7538037634408603,26.97795698924731,12.999435483870968,5.016339673913043,307.1423279569892,370.51438172043015,41.74,9.92,31.38,92.0,1012.0,18.82,0.618,23.68,27.67,999.0
,24.67924528301887,,,230.17127071823205,6.281767955801105,,,15.444444444444445,,,,13.12707182320442,8.0,Mitilini,,,,,,,,,,,,,,,,,,
1009.4708333333333,21.87772222222222,,63.69723611111112,63.08677222222222,8.989669141145376,,,,,30.77,13.08,15.93,0.0,Sigri,0.0,23.234416666666664,4.381944444444445,24.147041666666667,13.017333333333333,4.624696035242291,244.28342777777777,351.77972222222223,36.93,8.11,28.99,92.0,1019.0,11.11,0.958,19.04,25.43,1002.0
,20.689655172413794,,,162.95652173913044,3.9402173913043477,,,15.013513513513514,,,,9.880434782608695,29.599999999999998,Mitilini,,,,,,,,,,,,,,,,,,
1011.4516129032259,19.308279569892473,,74.78615591397849,80.8516814516129,7.996946085285286,,,,,27.94,12.8,18.38,23.500000000000004,Sigri,212.0,20.122150537634408,7.700150537634409,20.137150537634408,13.000564516129032,4.1139939939939945,169.32332258064517,342.6635752688172,32.73,44.29,26.51,99.2,1019.0,12.12,1.661,16.12,30.65,1000.0
,18.854166666666668,,,165.26973684210526,6.203947368421052,,,13.5,,,,12.789473684210526,57.6,Mitilini,,,,,,,,,,,,,,,,,,
1010.2944444444445,18.099888888888888,,77.74244444444444,152.94065972222222,9.030219920356613,,,,,27.02,11.11,15.96,72.7,Sigri,520.0,18.422708333333333,12.045990277777777,16.929916666666667,12.97051388888889,4.64555720653789,107.00570694444444,345.6611111111111,34.06,41.29,20.45,99.9,1019.0,9.87,2.334,13.41,30.34,999.0
,13.01923076923077,,,150.975,6.78125,,,7.97,,,,14.8875,60.400000000000006,Mitilini,,,,,,,,,,,,,,,,,,
1011.0497311827957,12.059068548387097,,74.31362903225806,105.88994623655914,9.235567245682759,,,,,18.7,3.818,20.31,124.6,Sigri,1222.0,12.121217741935483,13.413963709677418,11.81165994623656,12.901317204301074,4.751197241379311,69.65353897849462,324.1684139784946,23.23,41.33,16.39,98.3,1026.0,2.977,5.072,6.583,45.64,989.0
,9.26923076923077,,,198.79746835443038,8.632911392405063,,,2.5666666666666664,,,,16.981012658227847,11.8,Mitilini,,,,,,,,,,,,,,,,,,
1017.7889784946236,8.470809139784947,,68.13970430107527,75.73706586021505,9.901196317605441,,,,,16.4,1.904,21.65,29.5,Sigri,388.0,8.79029569892473,10.409856182795698,8.077606182795698,13.022325268817205,5.093627210884353,98.31262768817204,291.59018817204304,20.47,44.75,11.94,97.9,1035.0,0.738,3.45,4.783,29.71,1002.0
,11.735999999999999,,,190.79591836734693,9.653061224489797,,,3.104878048780488,,,,18.237762237762237,80.0,Mitilini,,,,,,,,,,,,,,,,,,
1012.6040462427745,10.670091954022988,,70.21568965517241,120.7680761494253,10.089031236129033,,,,,18.12,0.046,20.26,51.7,Sigri,458.0,11.096260057471264,11.154136494252873,9.853281609195403,13.060387931034484,5.1902580645161285,133.077908045977,300.2063218390805,23.65,42.82,13.56,98.0,1030.0,-1.688,2.684,4.854,32.24,980.0
,13.416666666666666,,,186.40084388185653,7.476793248945148,,,5.569565217391305,,,,14.426160337552743,21.8,Mitilini,,,,,,,,,,,,,,,,,,
1009.950201884253,12.573449528936743,,72.06383580080754,106.20155585464333,9.467843424576976,,,,,20.69,3.834,18.94,44.2,Sigri,340.0,13.36200942126514,10.278995962314939,11.89464333781965,13.071265141318978,4.870690707350901,176.15432301480485,313.47738896366087,25.45,44.29,15.52,98.1,1026.0,2.43,3.098,7.61,31.25,998.0
,14.986301369863014,,53.625,177.6875,6.1125,,,6.959615384615384,,,,12.741666666666667,30.0,Mitilini,,,,,,,,,,,,,,,,,,
1009.4083333333333,14.107304166666667,,63.900875,95.79410138888889,9.098088423203464,,,,,23.19,5.528,16.65,54.7,Sigri,472.0,15.2565375,8.874320833333334,13.717791666666667,13.088055555555554,4.680471861471862,241.38859166666666,315.23347222222225,30.72,45.21,20.75,98.1,1018.0,5.09,2.052,9.07,21.93,999.0
,20.022988505747126,,,176.66935483870967,5.451612903225806,,,12.47,,,,12.161290322580646,51.8,Mitilini,,,,,,,,,,,,,,,,,,
1009.7352150537635,19.39170698924731,,64.28868279569892,127.7554502688172,8.4642861828065,,,,,34.0,10.98,15.91,30.7,Sigri,286.0,21.068709677419356,6.774783602150538,19.732526881720432,13.06872311827957,4.354415066469719,305.2541209677419,340.767876344086,39.55,44.0,26.38,98.6,1020.0,10.88,0.854,14.44,22.09,998.0
,23.708333333333332,,,171.00836820083683,5.087866108786611,,,16.346153846153847,,,,11.548117154811715,36.7,Mitilini,,,,,,,,,,,,,,,,,,
1005.0791666666667,22.623958333333334,,69.80425,144.02396805555554,8.354854147236468,,,,,30.0,12.9,15.08,20.299999999999997,Sigri,94.0,24.71481944444444,6.087113888888888,23.38223611111111,13.019611111111113,4.298118233618234,326.1941847222222,359.6743055555556,36.19,40.61,28.75,98.8,1014.0,12.4,1.366,17.18,26.33,999.0
,26.525641025641026,,,272.7004048582996,7.331983805668016,,,18.25,,,,14.157894736842104,,Mitilini,,,,,,,,,,,,,,,,,,
1004.8709677419355,25.10650537634409,,63.155793010752696,31.940529569892472,9.808723904387618,,,,,33.67,18.4,13.64,0.1,Sigri,2.0,27.109139784946237,3.915578734858681,26.537634408602152,13.011747311827957,5.046055181695828,342.4354932795699,368.5180107526882,39.45,7.91,30.69,98.0,1011.0,18.12,0.949,23.0,31.35,994.0
,27.333333333333332,,,263.06854838709677,6.709677419354839,,,17.848837209302324,,,,13.330645161290322,,Mitilini,,,,,,,,,,,,,,,,,,
1004.8763440860215,25.2602688172043,,63.44404569892473,56.262427419354836,9.038329264814307,,,,,35.29,19.07,11.27,0.8,Sigri,16.0,27.141989247311827,3.8305672043010754,27.162580645161288,12.997163978494623,4.649729023383769,305.235167115903,369.8559892328398,41.37,17.15,31.09,98.5,1010.0,18.57,0.345,24.0,25.01,999.0
,25.59375,,,227.98744769874477,6.476987447698745,,,18.333333333333332,,,,12.682008368200837,,Mitilini,,,,,,,,,,,,,,,,,,
1008.3041666666667,23.687680555555556,,66.34104166666667,86.43629861111111,9.010273100521738,,,,,31.57,17.07,18.46,11.9,Sigri,10.0,25.156041666666663,4.548359722222222,25.550263888888885,12.992055555555556,4.635295652173912,242.12878750000002,366.1181944444444,36.74,40.15,30.11,98.4,1015.0,15.52,1.27,21.74,33.49,995.0
,20.692307692307693,,,168.05241935483872,4.778225806451613,,,14.355555555555556,,,,10.330645161290322,12.600000000000001,Mitilini,,,,,,,,,,,,,,,,,,
1010.7271505376344,20.61209677419355,,69.57591397849463,125.3678817204301,8.117701091845493,,,,,31.82,13.21,18.79,38.8,Sigri,172.0,21.44103494623656,7.5667836021505375,20.69665322580645,12.985349462365592,4.176115879828326,166.11957258064515,350.8162634408602,37.44,44.98,26.25,98.8,1018.0,13.03,0.468,15.63,24.67,999.0
,13.901408450704226,,,162.12916666666666,6.2875,,,9.088888888888889,,,,12.899581589958158,,Mitilini,,,,,,,,,,,,,,,,,,
1016.5069444444445,14.178361111111112,,67.76033333333334,47.42818888888889,8.973703281458626,,,,,21.5,8.06,15.62,3.3000000000000003,Sigri,4.0,14.768583333333332,6.635355555555556,14.796194444444446,13.034611111111111,4.6164824684431975,119.73514166666666,312.12652777777777,26.63,37.12,17.63,95.5,1024.0,7.32,1.935,11.58,35.19,1007.0
,13.333333333333334,,,165.49193548387098,7.463709677419355,,,8.937735849056603,,,,14.318548387096774,188.4,Mitilini,,,,,,,,,,,,,,,,,,
1011.7325268817204,13.264622311827958,,75.93381720430108,120.19509543010753,9.362961456536313,,,,,19.7,5.576,18.17,109.2,Sigri,1210.0,13.451869623655915,13.443048387096775,12.361169354838708,12.960510752688172,4.816734636871509,81.3386935483871,332.9604838709678,26.48,45.1,15.78,99.2,1023.0,4.07,3.632,8.94,45.57,995.0
,10.145679012345678,,75.52016129032258,175.35887096774192,9.862903225806452,,5.407258064516129,4.028888888888889,3.161290322580645,,,18.661290322580644,237.70000000000002,Mitilini,,,,,,,,,,,,,,,,,,
1009.1209677419355,11.887860215053763,,70.98825268817204,155.74979973118278,10.967844011675675,,,,,21.21,-0.191,19.51,131.8,Sigri,1046.0,12.058846774193547,14.762030913978494,10.606584677419354,12.95486559139785,5.642359459459459,83.38565860215054,334.5989247311828,22.5,45.23,15.76,99.6,1024.0,-1.843,4.595,4.373,29.86,992.0
,9.606349206349208,,76.21875,170.8125,8.205357142857142,,3.4955357142857144,4.122058823529412,2.705357142857143,,,16.254464285714285,82.80000000000001,Mitilini,,,,,,,,,,,,,,,,,,
1017.3678646934461,9.20954872881356,,67.03807610993657,79.98584143763213,9.140987691403117,,,,,19.27,-2.351,19.82,80.39999999999999,Sigri,314.0,9.850655391120506,10.64651797040169,9.454340380549683,13.061923890063424,4.702541202672605,152.12645454545452,298.12521186440677,23.27,45.09,14.62,97.9,1027.0,-2.676,0.0,0.0,34.56,999.0
,11.107894736842105,,71.05645161290323,184.92105263157896,6.80241935483871,,3.685483870967742,4.95945945945946,2.3588709677419355,,,13.528225806451612,92.79999999999998,Mitilini,,,,,,,,,,,,,,,,,,
1012.0403768506056,10.801294751009422,,64.2864468371467,117.05024495289366,8.44000919116084,,,,,17.96,2.277,16.27,257.09999999999997,Sigri,460.0,11.526421265141318,10.792869448183042,10.648407806191116,13.046985195154777,4.341925874125874,183.88369044414534,299.31520861372815,25.11,44.86,14.16,98.9,1026.0,0.615,2.299,6.601,29.47,993.0
,15.70252100840336,,65.06302521008404,180.3804347826087,6.016806722689076,,4.273109243697479,,2.1596638655462184,,,12.878151260504202,43.1,Mitilini,,,,,,,,,,,,,,,,,,
1008.7322834645669,13.167724409448818,,75.2315748031496,117.94511811023622,9.953042421417324,,,,,18.82,6.623,18.04,71.2,Sigri,30.0,14.150732283464567,13.237968503937008,12.21992125984252,13.056220472440947,5.120299212598425,210.85946456692912,319.09606299212595,23.43,45.02,14.67,99.2,1013.0,5.321,3.329,9.05,39.29,1002.0
,20.93548387096774,,61.83870967741935,211.54255319148936,4.991935483870968,,2.6330645161290325,,1.8629032258064515,,,11.310483870967742,7.300000000000001,Mitilini,,,,,,,,,,,,,,,,,,
,,,,,,,,,,,,,,Sigri,,,,,,,,,,,,,,,,,,
,24.759166666666665,,59.275,243.00492610837438,5.429166666666666,,1.6708333333333334,,2.0208333333333335,,,11.695833333333333,3.3,Mitilini,,,,,,,,,,,,,,,,,,
,,,,,,,,,,,,,,Sigri,,,,,,,,,,,,,,,,,,
,28.241176470588233,,57.096638655462186,277.73755656108597,8.155462184873949,,0.5504201680672269,,2.722689075630252,,,15.268907563025211,0.5,Mitilini,,,,,,,,,,,,,,,,,,
,,,,,,,,,,,,,,Sigri,,,,,,,,,,,,,,,,,,
,28.392660550458718,,56.54377880184332,273.4594594594595,6.623853211009174,,0.23853211009174313,,2.330275229357798,,,13.082568807339449,,Mitilini,,,,,,,,,,,,,,,,,,
,,,,,,,,,,,,,,Sigri,,,,,,,,,,,,,,,,,,
,23.71578947368421,,56.78468899521531,272.6815642458101,7.014354066985646,,1.7751196172248804,,2.473684210526316,,,14.057416267942584,,Mitilini,,,,,,,,,,,,,,,,,,
,,,,,,,,,,,,,,Sigri,,,,,,,,,,,,,,,,,,
,18.087962962962962,,70.56944444444444,196.4245810055866,5.810185185185185,,2.5462962962962963,,2.1203703703703702,,,12.337962962962964,26.700000000000003,Mitilini,,,,,,,,,,,,,,,,,,
,,,,,,,,,,,,,,Sigri,,,,,,,,,,,,,,,,,,
,15.91,,72.85,177.04697986577182,6.211111111111111,,4.2555555555555555,,2.183333333333333,,,13.228571428571428,60.6,Mitilini,,,,,,,,,,,,,,,,,,
1012.0870445344129,14.078704453441295,,72.20864372469636,93.13208502024291,9.923056170333332,,,,,21.07,8.45,20.41,67.7,Sigri,680.0,14.578886639676114,9.279602851323828,14.53836032388664,12.937267206477733,5.104872916666666,96.53458906882591,325.0091093117409,23.17,44.12,17.15,99.3,1029.0,7.54,0.003,11.32,40.69,994.0
,12.168817204301076,,73.43548387096774,173.2,9.758064516129032,,5.295698924731183,,3.096774193548387,,,19.264864864864865,199.2,Mitilini,,,,,,,,,,,,,,,,,,
1009.4556451612904,11.510541666666668,,73.66424731182795,143.24224462365592,10.020084982731035,,,,,18.29,2.849,20.08,125.39999999999999,Sigri,1288.0,11.656602150537635,15.128700268817205,10.798794354838709,12.850537634408601,5.154788965517242,64.3914193548387,322.27096774193546,21.18,44.71,14.85,98.7,1024.0,1.579,2.889,5.839,39.19,992.0
,9.205376344086021,,65.93548387096774,174.96969696969697,7.768817204301075,,4.172043010752688,,2.650537634408602,,,15.897849462365592,59.800000000000004,Mitilini,,,,,,,,,,,,,,,,,,
1013.2688172043011,8.460079301075268,,66.41048387096774,101.07930107526882,9.802410594518317,,,,,17.53,-0.561,17.14,57.9,Sigri,640.0,8.851532258064516,9.344153225806451,8.298028225806451,12.997325268817205,5.0428073270013565,97.7327432795699,294.32728494623655,21.42,44.23,14.31,98.0,1028.0,-0.809,1.874,2.946,30.16,993.0
,10.85357142857143,,67.04166666666667,200.99290780141843,7.857142857142857,,4.505952380952381,,2.5892857142857144,,,15.446428571428571,79.69999999999999,Mitilini,,,,,,,,,,,,,,,,,,
1012.0580357142857,10.398979166666667,,70.37156250000001,109.50394642857142,9.673957494961831,,,,,17.42,3.415,19.82,54.400000000000006,Sigri,732.0,10.919720238095238,11.056970238095237,9.698023809523809,13.001160714285716,4.976725190839695,133.1514642857143,303.9248511904762,22.38,45.2,14.44,98.6,1025.0,2.775,1.433,5.532,32.53,996.0
,9.511340206185567,,60.54123711340206,153.79310344827587,8.082474226804123,,4.216494845360825,,2.752577319587629,,,16.65463917525773,62.2,Mitilini,,,,,,,,,,,,,,,,,,
1016.8721399730821,7.9541399730821,,61.93423956931359,83.09742799461642,9.998391342684931,,,,,19.15,-1.518,18.12,44.8,Sigri,466.0,8.630200538358007,8.666095558546433,8.434115746971736,13.079030955585463,5.143628767123288,175.61446971736206,285.9154777927322,23.6,45.21,14.72,98.3,1034.0,-2.714,2.085,3.635,30.73,1004.0
,16.933333333333334,,61.48095238095238,192.26415094339623,5.8428571428571425,,3.0047619047619047,,1.9808612440191387,,,11.985576923076923,11.5,Mitilini,,,,,,,,,,,,,,,,,,
1007.4416666666667,15.451152777777777,,65.51065277777778,118.6823125,9.20173609092511,,,,,24.76,7.46,19.0,27.299999999999997,Sigri,300.0,16.76095972222222,6.439841068917018,15.474666666666668,13.024430555555556,4.733792951541851,256.6104138888889,320.1847222222222,31.01,44.8,22.39,98.8,1020.0,6.249,0.016,10.8,21.73,994.0
,21.37982456140351,,58.776315789473685,210.42944785276075,5.162280701754386,,2.1052631578947367,,1.8859649122807018,,,10.403508771929825,0.2,Mitilini,,,,,,,,,,,,,,,,,,
1010.7795698924731,19.478346774193547,,59.54685483870968,105.53226209677419,7.637369864659914,,,,,32.01,10.48,15.78,0.8,Sigri,16.0,21.48409946236559,2.9681,21.705645161290324,13.00116935483871,3.9290115774240233,317.0086048387097,335.5784946236559,37.97,12.7,30.81,98.7,1020.0,10.13,0.002,14.43,24.57,1000.0
,25.658333333333335,,57.675,285.3809523809524,7.570833333333334,,1.9192825112107623,,2.6166666666666667,,,14.770833333333334,6.8,Mitilini,,,,,,,,,,,,,,,,,,
1006.6986111111111,23.535763888888887,,63.586194444444445,64.0629625,8.859335503838384,,,,,32.16,17.11,14.62,0.1,Sigri,2.0,25.613083333333332,1.6438409090909092,26.250055555555555,12.951694444444444,4.5576464646464645,326.7791305555555,367.87305555555554,39.38,42.71,32.58,97.7,1012.0,16.7,0.002,22.56,31.22,1000.0
,27.04608695652174,,53.72608695652174,317.5813953488372,9.008695652173913,,0.38961038961038963,,3.0478260869565217,,,17.082608695652173,0.0,Mitilini,,,,,,,,,,,,,,,,,,
1006.9408602150538,24.890094086021506,,56.70307795698924,31.509228494623652,9.324488335384615,,,,,33.48,18.33,14.75,0.7,Sigri,14.0,26.853440860215052,1.5996716417910448,27.851720430107527,12.943561827956989,4.796942307692308,338.90261962365594,363.275,39.71,18.31,33.48,98.7,1013.0,16.86,0.006,23.58,23.78,1000.0
,27.82857142857143,,60.44239631336406,284.85207100591714,6.387096774193548,,1.1843317972350231,,2.2764976958525347,,,12.995391705069125,,Mitilini,,,,,,,,,,,,,,,,,,
1004.002688172043,25.303091397849464,,69.37754032258064,71.10549731182796,8.316808580591717,,,,,33.72,19.43,14.13,8.9,Sigri,92.0,27.193870967741937,4.921893023255813,28.711868279569895,12.93638440860215,4.278545857988166,288.0909247311828,381.357123655914,38.08,43.6,34.55,98.6,1008.0,19.47,0.005,23.55,29.02,997.0
,24.151658767772513,,59.54976303317535,243.19018404907976,6.819905213270142,,1.180094786729858,,2.360189573459716,,,13.834123222748815,,Mitilini,,,,,,,,,,,,,,,,,,
1008.1540616246499,22.388039215686273,,64.24809523809523,99.15401400560224,8.833259577454546,,,,,29.68,13.52,15.65,0.1,Sigri,2.0,23.792310924369747,1.377043956043956,24.97403361344538,12.956932773109244,4.544231818181818,239.7294705882353,355.53501400560225,35.71,5.031,31.26,99.0,1017.0,11.65,0.03,19.19,21.2,999.0
,19.407441860465116,,62.46976744186046,247.43016759776538,7.562790697674418,,1.7720930232558139,,2.5395348837209304,,,14.334883720930232,,Mitilini,,,,,,,,,,,,,,,,,,
1014.494623655914,18.368422496570645,,62.61842281879195,54.99154032258064,8.641904293755395,,,,,28.12,0.0,16.81,9.7,Sigri,100.0,19.338454301075267,1.4537090909090908,20.973701211305517,12.993373655913977,4.445789928057554,182.80838306451614,331.47764060356656,34.31,6.997,28.46,94.8,1022.0,0.0,0.022,0.0,23.15,1005.0
,16.045555555555556,,70.08333333333333,198.4313725490196,6.45,,3.716666666666667,,2.2944444444444443,,,13.755555555555556,62.4,Mitilini,,,,,,,,,,,,,,,,,,
1011.3041666666667,15.73151388888889,,,100.2623,9.202407573571428,,,,,22.82,8.66,17.19,35.89999999999999,Sigri,348.0,16.29575,4.998558912386707,16.783611111111114,12.966152777777777,4.734138392857143,114.38938055555555,326.1297222222222,26.98,44.57,22.32,,1023.0,7.05,0.005,11.53,,1001.0
,13.868852459016393,,76.24043715846994,187.59493670886076,6.820652173913044,,4.086956521739131,,2.3945945945945946,,,13.222826086956522,23.4,Mitilini,,,,,,,,,,,,,,,,,,
1014.5846774193549,13.50141129032258,,,111.21393682795699,8.786724445584046,,,,,20.19,4.936,18.51,39.0,Sigri,456.0,13.868928763440861,6.916911845730027,13.269395161290323,12.934905913978493,4.520292022792023,78.2380067204301,325.0983870967742,23.08,41.48,17.19,,1027.0,4.204,0.018,9.07,,996.0
,12.330386740331493,,74.51933701657458,194.76510067114094,7.580110497237569,,3.8440860215053765,,2.546961325966851,,,14.911111111111111,104.2,Mitilini,,,,,,,,,,,,,,,,,,
1012.872311827957,12.012649193548388,,,111.69936021505376,9.285862525714284,,,,,18.4,3.919,21.72,99.4,Sigri,850.0,12.10691935483871,9.744802503477052,11.568400537634409,12.951424731182797,4.777071428571428,90.27997849462366,314.8377688172043,23.44,45.25,15.2,,1027.0,2.803,0.014,7.29,,998.0
,10.405952380952382,,67.04166666666667,151.2,8.738095238095237,,3.5,,2.9107142857142856,,,17.541666666666668,10.4,Mitilini,,,,,,,,,,,,,,,,,,
1017.53125,9.604519345238096,,,105.95840922619048,10.311475843185299,,,,,20.18,-0.356,20.44,33.7,Sigri,318.0,10.20063244047619,3.8917433774834436,9.500263392857143,13.044077380952382,5.3046937212863705,142.4506488095238,292.159375,24.53,41.72,17.02,,1031.0,-0.311,0.002,3.213,,1004.0
,13.63125,,71.1875,203.859649122807,8.151041666666666,,4.286458333333333,,2.7239583333333335,,,16.020833333333332,76.1,Mitilini,,,,,,,,,,,,,,,,,,
1008.2059219380889,12.356907133243608,,,112.22493135935396,9.650815765224964,,,,,19.64,4.196,18.1,0.0,Sigri,0.0,12.99107940780619,9.335228693181818,12.77814266487214,13.033297442799462,4.964820029027576,181.94572812920592,314.1244952893674,24.98,44.13,18.58,,1020.0,3.312,0.02,8.61,,995.0
,15.758095238095237,,72.3047619047619,203.44827586206895,6.838095238095238,,4.152380952380953,,2.361904761904762,,,14.138095238095238,82.4,Mitilini,,,,,,,,,,,,,,,,,,
1006.575,14.703083333333332,,,138.56847361111113,9.148958031698113,,,,,20.67,8.99,18.35,14.4,Sigri,134.0,15.791694444444445,6.026791666666666,15.629069444444445,13.055083333333332,4.706641509433962,253.72164305555557,320.2234722222222,26.44,44.76,20.92,,1015.0,7.44,0.005,11.39,,995.0
,19.857142857142858,,69.15668202764977,263.09090909090907,5.654377880184332,,4.626728110599078,,2.0414746543778803,,,12.2073732718894,13.9,Mitilini,,,,,,,,,,,,,,,,,,
1008.9690860215054,18.10391129032258,,,76.73782930107527,8.82006880025848,,,,,25.22,10.85,15.52,0.0,Sigri,0.0,19.65978494623656,3.8097573696145126,20.142190860215056,13.018629032258065,4.537445880452343,273.0962016129032,345.14072580645166,31.74,44.56,28.74,,1018.0,9.96,0.01,14.27,,1002.0
,24.767619047619046,,65.83809523809524,293.5359116022099,6.338095238095238,,2.4238095238095236,,2.323809523809524,,,12.457142857142857,53.5,Mitilini,,,,,,,,,,,,,,,,,,
1006.7527777777777,22.763069444444444,,,63.210676388888885,8.576626635532994,,,,,30.91,16.51,9.78,0.0,Sigri,0.0,24.707583333333332,1.9471952191235058,26.025333333333336,12.965930555555556,4.412208121827411,318.84374861111115,362.94930555555555,36.27,12.5,32.89,,1014.0,16.45,0.005,20.73,,998.0
,29.450000000000003,,57.03846153846154,284.2613636363636,6.716346153846154,,0.31336405529953915,,2.4278846153846154,,,13.850961538461538,,Mitilini,,,,,,,,,,,,,,,,,,
1006.8629032258065,27.284327956989248,,,75.21099596774194,8.579561871064467,,,,,39.97,19.26,13.93,0.0,Sigri,0.0,29.388709677419357,0.6913035714285715,30.368736559139784,12.926962365591397,4.413718140929535,337.6979879032258,381.60161290322577,45.58,2.152,37.31,,1014.0,18.49,0.004,24.21,,997.0
,28.72995391705069,,57.87557603686636,277.6363636363636,6.211981566820277,,0.6866359447004609,,2.248847926267281,,,12.746543778801843,,Mitilini,,,,,,,,,,,,,,,,,,
1004.8602150537635,26.379502688172042,,,71.63470833333334,9.203894379761905,,,,,36.67,20.11,14.11,0.0,Sigri,0.0,28.351827956989244,1.0832241379310346,30.487580645161287,12.928077956989247,4.734903273809524,292.02794758064516,384.1237903225806,41.11,4.13,37.37,,1012.0,19.79,0.006,25.61,,997.0
,25.202857142857145,,58.338095238095235,295.0295857988166,6.228571428571429,,1.8428571428571427,,2.295238095238095,,,12.714285714285714,,Mitilini,,,,,,,,,,,,,,,,,,
1008.7680555555555,23.880708333333335,,,46.91497777777778,9.128714023218045,,,,,31.88,17.87,15.73,0.0,Sigri,0.0,25.226847222222226,4.965481751824817,27.113472222222224,12.939805555555555,4.696227067669173,235.05317916666667,366.30402777777783,39.96,42.47,33.77,,1013.0,16.87,0.002,21.54,,1001.0
,20.966355140186916,,64.82242990654206,226.3793103448276,5.5607476635514015,,2.2803738317757007,,2.05607476635514,,,11.462616822429906,1.5999999999999999,Mitilini,,,,,,,,,,,,,,,,,,
1011.9126344086021,20.03173387096774,,,89.86094758064516,8.93914202245827,,,,,27.15,13.42,15.86,0.0,Sigri,0.0,21.02551075268817,2.348113157894737,21.75741935483871,12.954287634408601,4.598702579666161,174.23431317204302,347.047311827957,31.7,16.86,27.02,,1019.0,12.32,0.012,16.78,,1003.0
,17.833879781420766,,70.20765027322405,196.46706586826346,8.387978142076502,,4.524590163934426,,2.819672131147541,,,18.205555555555556,113.50000000000001,Mitilini,,,,,,,,,,,,,,,,,,
1007.862660944206,17.61501260504202,,,166.51743837535014,10.339967115031056,,,,,25.27,5.067,19.2,72.5,Sigri,646.0,18.055550420168068,5.32296511627907,17.866750700280114,12.874873949579833,5.319350931677018,96.6003487394958,347.8229691876751,29.63,19.59,25.0,,1017.0,4.482,0.011,10.11,,975.0
,14.711827956989248,,73.36559139784946,185.65217391304347,6.833333333333333,,4.698924731182796,,2.4193548387096775,,,14.736559139784946,113.30000000000001,Mitilini,,,,,,,,,,,,,,,,,,
1011.7486559139785,14.339060483870968,,73.86803738317757,132.5747244623656,9.246967472732644,,,,,20.62,0.0,17.94,73.0,Sigri,474.0,14.536055107526883,3.0965393258426963,13.3667876344086,12.845887096774193,4.757062038404727,72.09593548387097,332.43844086021505,24.6,15.45,17.74,97.1,1030.0,0.0,0.001,0.0,41.81,994.0
,11.686021505376344,,68.40322580645162,223.89830508474577,9.268817204301076,,4.467741935483871,,3.032258064516129,,,19.156756756756756,59.800000000000004,Mitilini,,,,,,,,,,,,,,,,,,
1012.869623655914,10.820006720430108,,70.76548387096774,118.38300134408601,10.107192074917128,,,,,18.91,2.185,19.79,22.7,Sigri,278.0,11.124405913978496,4.016490909090909,10.903118279569892,12.917459677419355,5.199600828729282,86.05321908602151,312.1162634408602,24.54,17.83,17.64,97.2,1027.0,1.139,0.003,5.861,40.77,996.0
,13.417142857142856,,68.68571428571428,200.55555555555554,7.394285714285714,,3.857142857142857,,2.5542857142857143,,,15.194285714285714,20.200000000000003,Mitilini,,,,,,,,,,,,,,,,,,
1013.4525862068965,12.70426436781609,,71.53173850574713,44.71693534482759,9.953051909239766,,,,,21.32,5.077,15.24,12.899999999999999,Sigri,174.0,13.22227155172414,3.9156363636363634,11.862114942528734,12.981896551724137,5.120304093567252,135.55511350574713,311.9948275862069,26.25,14.99,18.4,96.3,1024.0,4.059,0.098,6.417,31.53,1000.0
,15.096256684491978,,63.711229946524064,196.19354838709677,6.117647058823529,,3.550802139037433,,2.2085561497326203,,,13.459893048128341,47.0,Mitilini,,,,,,,,,,,,,,,,,,
1010.0779569892474,13.997606182795698,,66.57094086021505,4.448751344086022,,,,,,24.49,5.771,,0.4,Sigri,8.0,14.708700268817203,1.7637826086956523,14.03866935483871,13.03372311827957,,207.2126935483871,310.9092741935484,29.65,7.74,20.29,98.5,1018.0,4.02,0.165,7.07,26.31,999.0
,19.623696682464455,,58.93364928909953,245.23316062176167,7.293838862559242,,2.734597156398104,,2.5402843601895735,,,15.601895734597157,11.4,Mitilini,,,,,,,,,,,,,,,,,,
1009.240611961057,18.133212795549376,,63.62214186369958,4.765780250347706,4.01208576,,,,,25.95,10.87,17.5,20.0,Sigri,142.0,19.42969401947149,7.745119999999999,18.98728789986092,13.003936022253129,2.064,256.8542030598053,334.73143254520164,33.07,22.7,25.79,99.0,1019.0,9.26,0.038,14.23,24.64,993.0
,20.60183486238532,,60.408256880733944,253.23863636363637,5.568807339449541,,2.963302752293578,,2.0825688073394497,,,12.29816513761468,6.8999999999999995,Mitilini,,,,,,,,,,,,,,,,,,
1008.5174731182796,18.925537634408602,,64.33717741935484,0.17397849462365592,,,,,,28.68,10.88,,3.7,Sigri,58.0,20.70768817204301,0.9185,21.841021505376343,12.998440860215053,,285.74880107526883,340.96868279569895,33.7,1.825,28.83,98.5,1018.0,9.35,0.051,16.38,21.19,1000.0
,28.05333333333333,,50.214285714285715,268.5869565217391,6.661904761904762,,0.9380952380952381,,2.376190476190476,,,14.361904761904762,,Mitilini,,,,,,,,,,,,,,,,,,
1006.2888888888889,26.276611111111112,,51.899458333333335,1.9686958333333333,,,,,,36.16,19.93,,1.0,Sigri,18.0,28.298499999999997,,28.344319444444444,12.945861111111112,,338.08757083333336,371.22319444444446,41.8,,33.51,95.8,1014.0,19.51,,22.79,18.65,999.0
,29.56405529953917,,51.645161290322584,300.0966183574879,8.423963133640553,,0.5161290322580645,,2.8617511520737327,,,16.89400921658986,9.5,Mitilini,,,,,,,,,,,,,,,,,,
1003.880376344086,27.067943548387095,,58.902150537634405,0.11745967741935484,,,,,,35.98,20.16,,0.4,Sigri,8.0,29.080470430107525,,30.401868279569893,12.93481182795699,,326.549435483871,384.08844086021503,40.83,,36.4,98.5,1013.0,20.01,,25.1,22.54,994.0
,28.91152073732719,,52.55760368663594,282.6842105263158,6.976958525345622,,0.391705069124424,,2.4377880184331797,,,13.834101382488479,,Mitilini,,,,,,,,,,,,,,,,,,
1004.9393530997305,26.63132075471698,,58.96188679245283,44.09775067385445,10.600669336485623,,,,,35.18,0.0,18.13,7.5,Sigri,62.0,28.33780323450135,7.320510268562401,29.81377358490566,12.920148247978437,5.453468051118211,296.6130835579515,379.62708894878705,39.73,10.65,48.86,93.3,1011.0,0.0,4.82,0.0,14.16,1000.0
,25.714285714285715,,57.6,248.90052356020942,6.5095238095238095,,2.1904761904761907,,2.357142857142857,,,13.2,1.2,Mitilini,,,,,,,,,,,,,,,,,,
1007.3486111111112,23.631208333333333,,65.62091666666666,87.02571388888889,10.010624995480226,,,,,32.86,16.52,20.63,40.30000000000001,Sigri,78.0,24.924791666666664,9.439575,25.839000000000002,12.93125,5.149922316384181,242.7746513888889,366.8952777777777,37.27,39.25,33.92,99.0,1014.0,16.45,4.807,20.11,28.56,997.0
,20.739336492890995,,57.725118483412324,228.48314606741573,6.18957345971564,,1.5330188679245282,,2.2464454976303316,,,13.398104265402843,0.8,Mitilini,,,,,,,,,,,,,,,,,,
1014.119623655914,19.08962365591398,,66.36866935483872,79.7178561827957,10.901963081198911,,,,,27.07,11.06,18.13,0.0,Sigri,0.0,20.070013440860215,9.66532930107527,21.13206989247312,12.973817204301076,5.608467302452316,185.20803494623655,333.2404569892473,32.6,16.28,27.21,99.0,1027.0,9.81,5.742,16.52,35.77,1004.0
,14.658888888888889,,66.9,204.78571428571428,5.8,,3.4055555555555554,,2.0388888888888888,,,12.972222222222221,62.199999999999996,Mitilini,,,,,,,,,,,,,,,,,,
1015.4555555555555,13.678759722222223,,70.30795833333333,90.90563472222222,10.48074204971684,,,,,20.06,4.735,21.88,43.3,Sigri,628.0,14.172580555555555,13.025444444444444,15.137666666666668,12.936430555555555,5.391771982116245,111.69482500000001,318.30722222222226,24.07,41.83,20.96,98.8,1031.0,2.745,7.0,9.15,36.81,996.0
,12.67741935483871,,71.53225806451613,213.6875,7.623655913978495,,4.532258064516129,,2.5913978494623655,,,16.36021505376344,137.5,Mitilini,,,,,,,,,,,,,,,,,,
1013.2997311827957,11.824293010752687,,76.97987903225807,113.2496317204301,12.391994398814816,,,,,18.75,4.015,21.88,162.10000000000002,Sigri,1570.0,11.90030241935484,19.236119289340103,11.614725806451613,12.878427419354837,6.3750074074074075,75.68957795698925,320.6317204301075,22.7,41.97,16.31,99.1,1029.0,3.464,9.62,6.648,45.65,993.0
,12.694623655913977,,73.6989247311828,176.11464968152868,5.89247311827957,,4.252688172043011,,2.204301075268817,,,12.311827956989248,58.00000000000001,Mitilini,,,,,,,,,,,,,,,,,,
1016.9502688172043,12.408139784946238,,78.83592741935485,121.78137634408601,11.182066489555556,,,,,17.79,5.34,18.75,36.699999999999996,Sigri,390.0,12.792185483870968,,11.43643817204301,12.94654569892473,5.752565277777777,92.99311559139784,318.4764784946237,25.31,,15.62,99.0,1032.0,4.953,,7.38,36.38,1008.0
,8.827380952380953,,66.66666666666667,153.125,8.363095238095237,,4.511904761904762,,2.7916666666666665,,,16.898809523809526,47.199999999999996,Mitilini,,,,,,,,,,,,,,,,,,
1020.1904761904761,7.594197916666667,,70.61703869047619,82.72819196428571,11.47255531976048,,,,,16.53,-1.912,20.63,58.1,Sigri,656.0,8.06082738095238,,8.869247023809525,13.00580357142857,5.902005988023952,124.74265625000001,294.95684523809524,22.7,,15.16,98.9,1031.0,-2.62,,4.078,36.7,1007.0
,15.461702127659576,,57.87234042553192,173.5483870967742,7.457446808510638,,3.7074468085106385,,2.5106382978723403,,,15.622340425531915,8.6,Mitilini,,,,,,,,,,,,,,,,,,
1012.2732166890983,14.027532974427995,,65.84325706594886,120.26987752355316,13.191259108892355,,,,,26.7,3.198,21.88,31.199999999999996,Sigri,188.0,14.874017496635263,,13.41293405114401,13.045679676985197,6.786185647425897,200.65569179004038,312.85168236877524,30.74,,18.37,99.1,1027.0,3.415,,7.95,21.26,998.0
